Sequence,Plain Sequence,ProteomicsDB Score,#NAME?,Uniqueness,Start,Stop,Protease,Length,Missed cleavages,Mass [Da],PSMs,Experiments,Projects,Proteotypicity,Reference Spectra
MVLSPADK.T,MVLSPADK,4.19,4.08,protein,0,8,Lys-C,8,0,859.4473,9,1,1,0,0
MVLSPADKTNVK.A,MVLSPADKTNVK,9.65,9.51,isoform,0,12,Trypsin,12,1,1301.7013,926,11,8,1,0
MVLSPADK.T,MVLSPADK,5.14,4.88,protein,0,8,Trypsin,8,0,859.4473,172,13,5,1,0
MVLSPADKTNVKAAW.G,MVLSPADKTNVKAAW,2.89,2.54,isoform,0,15,Trypsin,15,1,1629.8549,4,1,1,0,0
M.VLSPADKTNVK.A,VLSPADKTNVK,4.25,4.16,isoform,1,12,Lys-C,11,1,1170.6608,4,1,1,0,0
M.VLSPADKTNVKAAWGK.V,VLSPADKTNVKAAWGK,16.71,16.88,isoform,1,17,Trypsin,16,2,1683.9308,1107,23,12,2,0
M.VLSPADK.T,VLSPADK,6.29,5.5,protein,1,8,Lys-C,7,0,728.4069,73,1,1,0,0
M.VLSPADK.T,VLSPADK,7.47,9.49,protein,1,8,Trypsin,7,0,728.4069,5575,71,27,6,0
M.VLSPADKTNVK.A,VLSPADKTNVK,39.61,19.45,isoform,1,12,Trypsin,11,1,1170.6608,33811,110,47,10,0
M.VLSPADKTNVKAAWGKVGAHAGEY.G,VLSPADKTNVKAAWGKVGAHAGEY,8.54,8.85,isoform,1,25,Trypsin,24,2,2468.2812,20,1,1,0,0
M.VLSPADKTNVKAAW.G,VLSPADKTNVKAAW,9.24,8.55,isoform,1,15,Trypsin,14,1,1498.8144,831,1,1,0,0
L.SPADKTNVKAAW.G,SPADKTNVKAAW,7.33,7.5,protein,3,15,Trypsin,12,0,1286.6619,179,1,1,0,0
K.TNVKAAWGK.V,TNVKAAWGK,7.69,7.72,isoform,8,17,Trypsin,9,1,973.5345,318,21,7,2,0
K.TNVKAAWGKVGAHAGEYGAEALER.M,TNVKAAWGKVGAHAGEYGAEALER,19.77,20.63,isoform,8,32,Trypsin,24,2,2484.251,156,5,3,0,0
K.TNVKAAWGK.V,TNVKAAWGK,3.06,3.19,isoform,8,17,Lys-C,9,1,973.5345,1,1,1,0,0
K.AAWGKVGAHAGEYGAEALER.M,AAWGKVGAHAGEYGAEALER,33.69,37.63,isoform,12,32,Trypsin,20,1,2041.997,3751,101,26,9,0
K.AAWGKVGAHAGEYGAEALERMFLSFPTTK.T,AAWGKVGAHAGEYGAEALERMFLSFPTTK,23.67,30.02,isoform,12,41,Trypsin,29,2,3094.5335,1036,11,6,1,0
W.GKVGAHAGEYGAEALERMF.L,GKVGAHAGEYGAEALERMF,12.31,13.06,isoform,15,34,Trypsin,19,2,1991.9523,83,1,1,0,0
W.GKVGAHAGEY.G,GKVGAHAGEY,6.02,6.04,protein,15,25,Trypsin,10,0,987.4774,249,1,1,0,0
W.GKVGAHAGEYGAEAL.E,GKVGAHAGEYGAEAL,6.04,6.06,isoform,15,30,Trypsin,15,1,1428.6997,30,1,1,0,0
K.VGAHAGEYGAEALER.M,VGAHAGEYGAEALER,7.74,6.75,protein,17,32,Lys-C,15,0,1528.727,48,1,1,0,20
K.VGAHAGEYGAEALERMFLSFPTTK.T,VGAHAGEYGAEALERMFLSFPTTK,16.27,17.28,protein,17,41,Lys-C,24,0,2581.2635,400,2,2,0,0
K.VGAHAGEYGAEALERMFLSFPTTK.T,VGAHAGEYGAEALERMFLSFPTTK,2.3,2.07,isoform,17,41,Lys-C,24,1,2581.2635,2,1,1,0,0
K.VGAHAGEYGAEALERMFLSFPTTKTYFPHFDLSHGSAQVK.G,VGAHAGEYGAEALERMFLSFPTTKTYFPHFDLSHGSAQVK,8.38,9.6,isoform,17,57,Lys-C,40,1,4396.1375,4,1,1,0,0
K.VGAHAGEYGAEALERMFLSFPTTKTYFPHFDLSHGSAQVK.G,VGAHAGEYGAEALERMFLSFPTTKTYFPHFDLSHGSAQVK,21.1,23.76,isoform,17,57,Trypsin,40,2,4396.1375,501,3,3,0,0
K.VGAHAGEYGAEALER.M,VGAHAGEYGAEALER,38.72,74.4,protein,17,32,Trypsin,15,0,1528.727,76242,1060,84,93,20
K.VGAHAGEYGAEALERMFLSFPTTK.T,VGAHAGEYGAEALERMFLSFPTTK,21.16,23.14,isoform,17,41,Trypsin,24,1,2581.2635,2779,25,15,2,0
Y.GAEALERMF.L,GAEALERMF,6.71,6.41,isoform,25,34,Trypsin,9,1,1022.4855,189,1,1,0,0
Y.GAEALERMFL.S,GAEALERMFL,6.77,5.78,isoform,25,35,Trypsin,10,2,1135.5696,361,1,1,0,0
R.MFLSFPTTK.T,MFLSFPTTK,21.42,189.02,protein,32,41,Trypsin,9,0,1070.5471,85287,1057,77,93,19
R.MFLSFPTTKTYFPHFDLSHGSAQVK.G,MFLSFPTTKTYFPHFDLSHGSAQVK,21.56,23.88,isoform,32,57,Trypsin,25,1,2885.4211,2861,40,15,4,0
R.MFLSFPTTKTYFPHFDLSHGSAQVKGHGK.K,MFLSFPTTKTYFPHFDLSHGSAQVKGHGK,12.51,9.28,isoform,32,61,Trypsin,29,2,3264.6179,48,4,1,0,0
R.MFLSFPTTK.T,MFLSFPTTK,4.29,4.09,protein,32,41,Lys-C,9,0,1070.5471,137,1,1,0,19
F.LSFPTTKTY.F,LSFPTTKTY,7.11,6.82,isoform,34,43,Trypsin,9,1,1056.5492,134,1,1,0,0
L.SFPTTKTYFPHF.D,SFPTTKTYFPHF,3.91,3.44,isoform,35,47,Trypsin,12,1,1471.7136,20,1,1,0,0
L.SFPTTKTY.F,SFPTTKTY,3.12,2.8,protein,35,43,Trypsin,8,0,943.4651,28,1,1,0,0
K.TYFPHFDLSHGSAQVK.G,TYFPHFDLSHGSAQVK,13.32,13.6,protein,41,57,Lys-C,16,0,1832.8846,372,2,2,0,0
K.TYFPHFDLSHGSAQVK.G,TYFPHFDLSHGSAQVK,42.88,307.65,protein,41,57,Trypsin,16,0,1832.8846,80477,926,71,81,0
K.TYFPHFDLSHGSAQVKGHGKK.V,TYFPHFDLSHGSAQVKGHGKK,3.78,4.37,isoform,41,62,Lys-C,21,2,2340.1763,2,1,1,0,0
K.TYFPHFDLSHGSAQVKGHGK.K,TYFPHFDLSHGSAQVKGHGK,5.85,6.46,isoform,41,61,Lys-C,20,1,2212.0814,2,1,1,0,0
K.TYFPHFDLSHGSAQVKGHGK.K,TYFPHFDLSHGSAQVKGHGK,25.01,27.66,isoform,41,61,Trypsin,20,1,2212.0814,1852,35,14,3,0
K.TYFPHFDLSHGSAQVKGHGKK.V,TYFPHFDLSHGSAQVKGHGKK,12.66,17.69,isoform,41,62,Trypsin,21,2,2340.1763,1516,20,10,2,0
Y.FPHFDLSHGSAQVKGHGKKVADAL.T,FPHFDLSHGSAQVKGHGKKVADAL,6.82,6.65,isoform,43,67,Trypsin,24,2,2545.319,27,1,1,0,0
F.DLSHGSAQVKGHGKKVADALTNAVAHVDDMPNAL.S,DLSHGSAQVKGHGKKVADALTNAVAHVDDMPNAL,10.69,10.53,isoform,47,81,Trypsin,34,2,3465.7423,10,1,1,0,0
F.DLSHGSAQVKGHGKKVADAL.T,DLSHGSAQVKGHGKKVADAL,8.75,9.09,isoform,47,67,Trypsin,20,1,2017.0705,87,1,1,0,0
L.SHGSAQVKGHGKKVADAL.T,SHGSAQVKGHGKKVADAL,3.56,3.3,protein,49,67,Trypsin,18,0,1788.9595,9,1,1,0,0
L.SHGSAQVKGHGKKVADALTNAVAHVDDMPNAL.S,SHGSAQVKGHGKKVADALTNAVAHVDDMPNAL,4.13,3.96,isoform,49,81,Trypsin,32,1,3237.6313,1,1,1,0,0
K.GHGKKVADALTNAVAHVDDMPNALSALSDLHAHK.L,GHGKKVADALTNAVAHVDDMPNALSALSDLHAHK,2.96,3.03,isoform,57,91,Lys-C,34,2,3502.7739,1,1,1,0,0
K.GHGKKVADALTNAVAHVDDMPNALSALSDLHAHK.L,GHGKKVADALTNAVAHVDDMPNALSALSDLHAHK,8.76,8.73,isoform,57,91,Trypsin,34,2,3502.7739,54,2,2,0,0
K.KVADALTNAVAHVDDMPNALSALSDLHAHK.L,KVADALTNAVAHVDDMPNALSALSDLHAHK,65.59,74.28,isoform,61,91,Trypsin,30,1,3123.5771,60949,81,36,7,0
K.KVADALTNAVAHVDDMPNALSALSDLHAHK.L,KVADALTNAVAHVDDMPNALSALSDLHAHK,10.99,11.15,isoform,61,91,Lys-C,30,1,3123.5771,13,1,1,0,0
K.KVADALTNAVAHVDDMPNALSALSDLHAHKLR.V,KVADALTNAVAHVDDMPNALSALSDLHAHKLR,43.44,44.52,isoform,61,93,Trypsin,32,2,3392.7623,3516,27,16,2,0
K.VADALTNAVAHVDDMPNALSALSDLHAHKLR.V,VADALTNAVAHVDDMPNALSALSDLHAHKLR,41.9,41.59,isoform,62,93,Trypsin,31,1,3264.6673,9301,48,21,4,0
K.VADALTNAVAHVDDMPNALSALSDLHAHK.L,VADALTNAVAHVDDMPNALSALSDLHAHK,46.06,50.19,protein,62,91,Trypsin,29,0,2995.4822,134879,111,48,10,0
K.VADALTNAVAHVDDMPNALSALSDLHAHK.L,VADALTNAVAHVDDMPNALSALSDLHAHK,23.71,28.12,protein,62,91,Lys-C,29,0,2995.4822,515,1,1,0,0
K.VADALTNAVAHVDDMPNALSALSDLHAHKLRVDPVNFK.L,VADALTNAVAHVDDMPNALSALSDLHAHKLRVDPVNFK,38,42.58,isoform,62,100,Trypsin,38,2,4064.0902,529,9,6,1,0
L.TNAVAHVDDMPNALSAL.S,TNAVAHVDDMPNALSAL,7.21,7.37,isoform,67,84,Trypsin,17,1,1737.8356,18,1,1,0,0
L.TNAVAHVDDMPNAL.S,TNAVAHVDDMPNAL,13.43,13.23,protein,67,81,Trypsin,14,0,1466.6824,380,1,1,0,0
L.SALSDLHAHKL.R,SALSDLHAHKL,9.43,8,isoform,81,92,Trypsin,11,2,1190.6408,949,1,1,0,0
L.SDLHAHKL.R,SDLHAHKL,4.27,3.93,isoform,84,92,Trypsin,8,1,919.4876,99,1,1,0,0
K.LRVDPVNFK.L,LRVDPVNFK,7.65,7.64,protein,91,100,Lys-C,9,0,1086.6186,514,2,2,0,0
K.LRVDPVNFK.L,LRVDPVNFK,8.46,12.38,isoform,91,100,Trypsin,9,1,1086.6186,34729,869,67,76,0
K.LRVDPVNFK.L,LRVDPVNFK,4.64,4.08,isoform,91,100,Lys-C,9,1,1086.6186,205,1,1,0,0
K.LRVDPVNFKLLSHCLLVTLAAHLPAEFTPAVHASLDK.F,LRVDPVNFKLLSHCLLVTLAAHLPAEFTPAVHASLDK,28.03,26.97,isoform,91,128,Trypsin,37,2,4035.2132,299,8,2,1,0
L.RVDPVNF.K,RVDPVNF,2.51,2.15,shared,92,99,Trypsin,7,0,845.4396,2,1,1,0,0
R.VDPVNFK.L,VDPVNFK,6.45,7.85,shared,93,100,Trypsin,7,0,817.4334,14359,910,49,80,0
R.VDPVNFKLLSHCLLVTLAAHLPAEFTPAVHASLDKFLASVSTVLTSK.Y,VDPVNFKLLSHCLLVTLAAHLPAEFTPAVHASLDKFLASVSTVLTSK,39.94,40.56,isoform,93,140,Trypsin,47,2,4999.7249,39,9,3,1,0
R.VDPVNFKLLSHCLLVTLAAHLPAEFTPAVHASLDK.F,VDPVNFKLLSHCLLVTLAAHLPAEFTPAVHASLDK,26.36,25.47,isoform,93,128,Trypsin,35,1,3766.028,284,6,2,1,0
F.KLLSHCL.L,KLLSHCL,2.77,2.38,isoform,99,106,Trypsin,7,2,812.4578,1,1,1,0,0
K.LLSHCLLVTLAAHLPAEFTPAVHASLDK.F,LLSHCLLVTLAAHLPAEFTPAVHASLDK,63.35,42.11,protein,100,128,Trypsin,28,0,2966.6052,13486,139,27,12,0
K.LLSHCLLVTLAAHLPAEFTPAVHASLDK.F,LLSHCLLVTLAAHLPAEFTPAVHASLDK,13.27,15.27,protein,100,128,Lys-C,28,0,2966.6052,31,1,1,0,0
K.LLSHCLLVTLAAHLPAEFTPAVHASLDKFLASVSTVLTSK.Y,LLSHCLLVTLAAHLPAEFTPAVHASLDKFLASVSTVLTSK,38.15,39.03,isoform,100,140,Trypsin,40,1,4200.3021,1858,21,7,2,0
K.LLSHCLLVTLAAHLPAEFTPAVHASLDKFLASVSTVLTSKYR,LLSHCLLVTLAAHLPAEFTPAVHASLDKFLASVSTVLTSKYR,39.73,42.04,isoform,100,142,Trypsin,42,2,4519.4665,159,8,3,1,0
L.SHCLLVTL.A,SHCLLVTL,2.72,2.54,isoform,102,110,Trypsin,8,2,884.479,3,1,1,0,0
L.VTLAAHLPAEF.T,VTLAAHLPAEF,5.66,5.49,isoform,107,118,Trypsin,11,1,1167.6288,10,1,1,0,0
L.AAHLPAEF.T,AAHLPAEF,5.57,5.25,protein,110,118,Trypsin,8,0,854.4287,61,1,1,0,0
L.AAHLPAEFTPAVHASLDKF.L,AAHLPAEFTPAVHASLDKF,3.23,2.92,isoform,110,129,Trypsin,19,2,2021.0371,1,1,1,0,0
F.TPAVHASLDKF.L,TPAVHASLDKF,8.92,7.57,isoform,118,129,Trypsin,11,1,1184.619,160,1,1,0,0
F.TPAVHASL.D,TPAVHASL,3.19,3.07,protein,118,126,Trypsin,8,0,794.4287,9,1,1,0,0
F.TPAVHASLDKFL.A,TPAVHASLDKFL,3.65,3.39,isoform,118,130,Trypsin,12,2,1297.703,9,1,1,0,0
K.FLASVSTVLTSK.Y,FLASVSTVLTSK,50.85,50.11,protein,128,140,Trypsin,12,0,1251.7075,15576,607,59,53,0
K.FLASVSTVLTSK.Y,FLASVSTVLTSK,9.96,11.19,protein,128,140,Lys-C,12,0,1251.7075,189,1,1,0,0
K.FLASVSTVLTSKYR,FLASVSTVLTSKYR,9.84,11.04,isoform,128,142,Lys-C,14,1,1570.8719,42,1,1,0,0
K.FLASVSTVLTSKYR,FLASVSTVLTSKYR,17.45,18.98,isoform,128,142,Trypsin,14,1,1570.8719,1290,29,11,3,0
